,volume,article,raw_name,CAS
0,7,0,Anhydro-2-hydroxymercuri-3-nitrobenzoic acid,Not Found
1,7,0,"Benzoic acid, anhydro-2-hydroxymercuri-3-nitro-",Not Found
2,7,0,mercurous compounds,Not Found
3,7,0,mercuric salt,Not Found
4,7,0,mercury compound,Not Found
5,7,0,Anhydro-o-hydroxymercuribenzoic acid,Not Found
6,7,0,alcohol (64-17-5),64-17-5
7,7,0,acetic acid (64-19-7),64-19-7
8,7,0,sodium hydroxide (1310-73-2),1310-73-2
9,7,0,3-Nitrophthalic acid (603-11-2),603-11-2
10,7,0,mercuric acetate (1600-27-7),1600-27-7
11,7,0,mercury (7439-97-6),7439-97-6
12,7,0,carbon dioxide (124-38-9),124-38-9
13,7,0,mercuric oxide (21908-53-2),21908-53-2
14,7,0,acetate,Not Found
15,7,0,2-Bromo-3-nitrobenzoic acid (573-54-6),573-54-6
16,7,0,phthalic anhydride (85-44-9),85-44-9
17,7,1,hydrochloric acid (7647-01-0),7647-01-0
18,7,1,ether (60-29-7),60-29-7
19,7,1,sodium hydroxide (1310-73-2),1310-73-2
20,7,1,phenol (108-95-2),108-95-2
21,7,1,chloroacetic acid (79-11-8),79-11-8
22,7,1,acetone (67-64-1),67-64-1
23,7,1,phenolarsonic acid,Not Found
24,7,1,decolorizing carbon (7782-42-5),7782-42-5
25,7,1,"p-ARSONOPHENOXYACETIC ACID,
Acetic acid, p-arsonophenoxy- (53663-15-3)",53663-15-3
26,7,1,p-hydroxyphenylarsonic acid (98-14-6),98-14-6
27,7,1,sodium p-hydroxyphenylarsonate (53663-20-0),53663-20-0
28,7,2,alcohol (64-17-5),64-17-5
29,7,2,hydrochloric acid (7647-01-0),7647-01-0
30,7,2,aniline (62-53-3),62-53-3
31,7,2,sodium hydroxide (1310-73-2),1310-73-2
32,7,2,Benzoic acid (65-85-0),65-85-0
33,7,2,Benzanilide (93-98-1),93-98-1
34,7,2,"decolorizing carbon (Norite),
carbon (7782-42-5)",7782-42-5
35,7,2,benzoyl chloride (98-88-4),98-88-4
36,7,2,Benzoic anhydride (93-97-0),93-97-0
37,7,2,benzamide (55-21-0),55-21-0
38,7,2,boron fluoride (7637-07-2),7637-07-2
39,7,2,p-Dimethylaminobenzophenone (530-44-9),530-44-9
40,7,3,alcohol (64-17-5),64-17-5
41,7,3,bromide (24959-67-9),24959-67-9
42,7,3,acetone (67-64-1),67-64-1
43,7,3,"decolorizing carbon,
decolorizing carbon (Norite) (7782-42-5)",7782-42-5
44,7,3,potassium hydroxide (1310-58-3),1310-58-3
45,7,3,carbon disulfide (75-15-0),75-15-0
46,7,3,"β-Bromoethylphthalimide,
bromoethylphthalimide",Not Found
47,7,3,Potassium Phthalimide (1074-82-4),1074-82-4
48,7,3,Phthalimide (85-41-6),85-41-6
49,7,3,ethylene dibromide (106-93-4),106-93-4
50,7,3,potassium bromide (7758-02-3),7758-02-3
51,7,3,diphthalimidoethane,Not Found
52,7,3,"Phthalimide, N-(2-bromoethyl)- (574-98-1)",574-98-1
53,7,4,Anhydro-2-hydroxymercuri-3-nitrobenzoic acid,Not Found
54,7,4,sodium salt of the chloromercuric acid,Not Found
55,7,4,alcohol (64-17-5),64-17-5
56,7,4,hydrochloric acid (7647-01-0),7647-01-0
57,7,4,acetic acid (64-19-7),64-19-7
58,7,4,sodium hydroxide (1310-73-2),1310-73-2
59,7,4,sodium chloride (7647-14-5),7647-14-5
60,7,4,bromine (7726-95-6),7726-95-6
61,7,4,sodium bromide (7647-15-6),7647-15-6
62,7,4,potassium iodide (7681-11-0),7681-11-0
63,7,4,3-Nitrophthalic acid (603-11-2),603-11-2
64,7,4,mercury (7439-97-6),7439-97-6
65,7,4,"2-Bromo-3-nitrobenzoic acid,
Benzoic acid, 2-bromo-3-nitro- (573-54-6)",573-54-6
66,7,4,iodine (7553-56-2),7553-56-2
67,7,4,mercuric iodide (7774-29-0),7774-29-0
68,7,4,2-iodo-3-nitrobenzoic acid (5398-69-6),5398-69-6
69,7,4,2-bromobenzoic acid (88-65-3),88-65-3
70,7,4,3-nitroanthranilic acid,Not Found
71,17,0,acetylcitric anyhdride,Not Found
72,17,0,pyrosulfuric acid,Not Found
73,17,0,sulfuric acid (7664-93-9),7664-93-9
74,17,0,"hydrogen chloride,
hydrochloric acid (7647-01-0)",7647-01-0
75,17,0,acetic acid (64-19-7),64-19-7
76,17,0,sodium hydroxide (1310-73-2),1310-73-2
77,17,0,citric acid (77-92-9),77-92-9
78,17,0,Norite (7782-42-5),7782-42-5
79,17,0,phosphoric acid (7664-38-2),7664-38-2
80,17,0,Aconitic acid (499-12-7),499-12-7
81,17,0,citric acid monohydrate (5949-29-1),5949-29-1
82,17,0,methyl acetylcitrate,Not Found
83,17,1,piperylurethan,Not Found
84,17,1,sodiomalonic ester,Not Found
85,17,1,alcohol (64-17-5),64-17-5
86,17,1,sulfuric acid (7664-93-9),7664-93-9
87,17,1,hydrochloric acid (7647-01-0),7647-01-0
88,17,1,ammonia (7664-41-7),7664-41-7
89,17,1,nitric acid (7697-37-2),7697-37-2
90,17,1,carbon dioxide (124-38-9),124-38-9
91,17,1,carbon (7782-42-5),7782-42-5
92,17,1,Potassium Phthalimide (1074-82-4),1074-82-4
93,17,1,γ-Chlorobutyronitrile (628-20-6),628-20-6
94,17,1,barium hydroxide (17194-00-2),17194-00-2
95,17,1,barium carbonate (513-77-9),513-77-9
96,17,1,ammonium sulfate (7783-20-2),7783-20-2
97,17,1,phthalic acid (88-99-3),88-99-3
98,17,1,Succinimide (123-56-8),123-56-8
99,17,1,"γ-Aminobutyric acid,
Butyric acid, γ-amino- (56-12-2)",56-12-2
100,17,1,potassium chloride (7447-40-7),7447-40-7
101,17,1,γ-phthalimidobutyronitrile,Not Found
102,17,1,pyrrolidone (616-45-5),616-45-5
103,17,1,N-(β-bromoethyl)-phthalimide (574-98-1),574-98-1
104,17,2,alcohol (64-17-5),64-17-5
105,17,2,hydrochloric acid (7647-01-0),7647-01-0
106,17,2,ether (60-29-7),60-29-7
107,17,2,lead hydroxide,Not Found
108,17,2,silver oxide (20667-12-3),20667-12-3
109,17,2,hydrogen sulfide (7783-06-4),7783-06-4
110,17,2,silver nitrate (7761-88-8),7761-88-8
111,17,2,"ε-AMINOCAPROIC ACID,
Caproic acid, ε-amino- (60-32-2)",60-32-2
112,17,2,2-Ketohexamethylenimine (105-60-2),105-60-2
113,17,2,ε-aminocaproic acid hydrochloride,Not Found
114,17,2,ε-benzoylaminocapronitrile,Not Found
115,17,2,ethyl δ-phthalimidobutylmalonate,Not Found
116,17,2,Cyclohexanone oxime (100-64-1),100-64-1
117,17,2,DL-Alanine (302-72-7),302-72-7
118,17,3,"1,4-Aminonaphthol hydrochloride",Not Found
119,17,3,"1,4-Aminonaphthol",Not Found
120,17,3,"1,4-nitrosonaphthol",Not Found
121,17,3,"1,2-aminonaphthol",Not Found
122,17,3,Orange I,Not Found
123,17,3,hydrochloric acid (7647-01-0),7647-01-0
124,17,3,sodium hydroxide (1310-73-2),1310-73-2
125,17,3,"1-Naphthol, 4-amino-, hydrochloride (5959-56-8)",5959-56-8
126,17,3,α-naphthol (90-15-3),90-15-3
127,17,3,benzeneazo-α-naphthol,Not Found
128,17,3,sodium hydrosulfite (7775-14-6),7775-14-6
129,17,3,aminonaphthol,Not Found
130,17,3,β-naphthol (135-19-3),135-19-3
131,17,3,stannous chloride,Not Found
132,17,3,α-nitronaphthalene (86-57-7),86-57-7
133,17,3,sulfanilic acid dihydrate,Not Found
134,17,3,stannous chloride dihydrate (10025-69-1),10025-69-1
135,17,3,"2,4-diamino-1-naphthol",Not Found
136,17,3,naphthyl hydroxylamine,Not Found
137,17,3,p-benzenediazonium sulfonate (305-80-6),305-80-6
138,17,4,"1,2-Aminonaphthol hydrochloride",Not Found
139,17,4,Orange II,Not Found
140,17,4,NaO3SC6H4N=NOH,Not Found
141,17,4,"1,2-aminonaphthol",Not Found
142,17,4,sulfuric acid (7664-93-9),7664-93-9
143,17,4,hydrochloric acid (7647-01-0),7647-01-0
144,17,4,ether (60-29-7),60-29-7
145,17,4,hydrogen (1333-74-0),1333-74-0
146,17,4,sodium hydroxide (1310-73-2),1310-73-2
147,17,4,hydrogen sulfide (7783-06-4),7783-06-4
148,17,4,sodium carbonate (497-19-8),497-19-8
149,17,4,sulfur dioxide (7446-09-5),7446-09-5
150,17,4,sodium nitrite (7632-00-0),7632-00-0
151,17,4,sodium hydrosulfite (7775-14-6),7775-14-6
152,17,4,aminonaphthol,Not Found
153,17,4,aminonaphthol hydrochloride (41772-23-0),41772-23-0
154,17,4,β-naphthol (135-19-3),135-19-3
155,17,4,stannous chloride,Not Found
156,17,4,sodium bisulfite (7631-90-5),7631-90-5
157,17,4,Raney nickel (7440-02-0),7440-02-0
158,17,4,decolorizing carbon (7782-42-5),7782-42-5
159,17,4,zinc (7440-66-6),7440-66-6
160,17,4,sodium sulfide (1313-82-2),1313-82-2
161,17,4,Quinone (106-51-4),106-51-4
162,17,4,Nitroso-β-naphthol (131-91-9),131-91-9
163,17,4,"2-Naphthol, 1-amino-, hydrochloride,
1-amino-2-naphthol hydrochloride (1198-27-2)",1198-27-2
164,17,4,sulfanilic acid dihydrate,Not Found
165,17,4,stannous chloride dihydrate (10025-69-1),10025-69-1
166,17,4,sulfanilic acid (121-57-3),121-57-3
167,17,4,β-naphthylamine (91-59-8),91-59-8
168,17,4,sodium sulfanilate,Not Found
169,17,4,1-Amino-2-naphthol,Not Found
170,17,4,p-benzenediazonium sulfonate (305-80-6),305-80-6
171,27,0,"β,β'-iminopropionitrile",Not Found
172,27,0,"diethyl-β,β'-iminopropionate",Not Found
173,27,0,hydrochloric acid (7647-01-0),7647-01-0
174,27,0,ammonia (7664-41-7),7664-41-7
175,27,0,methanol (67-56-1),67-56-1
176,27,0,carbon dioxide (124-38-9),124-38-9
177,27,0,phthalic anhydride (85-44-9),85-44-9
178,27,0,carbon (7782-42-5),7782-42-5
179,27,0,Phthalimide (85-41-6),85-41-6
180,27,0,β-hydroxypropionitrile (109-78-4),109-78-4
181,27,0,cyanoacetic acid (372-09-8),372-09-8
182,27,0,barium hydroxide (17194-00-2),17194-00-2
183,27,0,barium carbonate (513-77-9),513-77-9
184,27,0,barium hydroxide octahydrate (12230-71-6),12230-71-6
185,27,0,β-Alanine (107-95-9),107-95-9
186,27,0,Succinimide (123-56-8),123-56-8
187,27,0,β-Aminopropionitrile (151-18-8),151-18-8
188,27,0,acrylonitrile (107-13-1),107-13-1
189,27,0,bis-(β-cyanoethyl) amine (111-94-4),111-94-4
190,27,0,bis-(β-cyanoethyl) ether (1656-48-0),1656-48-0
191,27,0,bis-(β-cyanoethyl) sulfide (111-97-7),111-97-7
192,27,0,β-phthalimidopropionitrile,Not Found
193,27,0,potassium hypobromite,Not Found
194,27,0,"β,β'-iminodipropionic acid",Not Found
195,27,1,ammonia (7664-41-7),7664-41-7
196,27,1,ammonium hydroxide (1336-21-6),1336-21-6
197,27,1,β-Alanine (107-95-9),107-95-9
198,27,1,"β-Aminopropionitrile,
Propionitrile, β-amino- (151-18-8)",151-18-8
199,27,1,acrylonitrile (107-13-1),107-13-1
200,27,1,"bis-(β-cyanoethyl) amine,
bis-(β-CYANOETHYL)-AMINE,
propionitrile, β,β'-iminodi- (111-94-4)",111-94-4
201,27,1,β-chloropropionitrile (542-76-7),542-76-7
202,27,1,tris-(β-cyanoethyl) amine,β-cyanoethyl) amine
203,27,2,α-hydrogen,Not Found
204,27,2,ethanol (64-17-5),64-17-5
205,27,2,methanol (67-56-1),67-56-1
206,27,2,chloroform (67-66-3),67-66-3
207,27,2,hydrogen bromide (10035-10-6),10035-10-6
208,27,2,bromine (7726-95-6),7726-95-6
209,27,2,carbon tetrachloride (56-23-5),56-23-5
210,27,2,Benzalacetone (122-57-6),122-57-6
211,27,2,carbon disulfide (75-15-0),75-15-0
212,27,2,"Benzalacetone dibromide,
2-Butanone, 3,4-dibromo-4-phenyl- (6310-44-7)",6310-44-7
213,27,2,N-bromosuccinimide (128-08-5),128-08-5
214,27,3,calcium chloride (10043-52-4),10043-52-4
215,27,3,hydrochloric acid (7647-01-0),7647-01-0
216,27,3,ether (60-29-7),60-29-7
217,27,3,"magnesium,
magnesium turnings (7439-95-4)",7439-95-4
218,27,3,Allyl bromide (106-95-6),106-95-6
219,27,3,potassium cyanide (151-50-8),151-50-8
220,27,3,allyl chloride (107-05-1),107-05-1
221,27,3,allyl iodide (556-56-9),556-56-9
222,27,3,aluminum (7429-90-5),7429-90-5
223,27,3,iodine (7553-56-2),7553-56-2
224,27,3,sodium (13966-32-0),13966-32-0
225,27,3,"1,2,3-Tribromopropane (96-11-7)",96-11-7
226,27,3,magnesium chloride (7786-30-3),7786-30-3
227,27,3,diallyl ether (557-40-4),557-40-4
228,27,3,"Biallyl,
1,5-Hexadiene (592-42-7)",592-42-7
229,27,3,allyl mercuric iodide,Not Found
230,27,4,ethanol (64-17-5),64-17-5
231,27,4,acetic acid (64-19-7),64-19-7
232,27,4,ammonia (7664-41-7),7664-41-7
233,27,4,ether (60-29-7),60-29-7
234,27,4,sodium acetate (127-09-3),127-09-3
235,27,4,glycerol (56-81-5),56-81-5
236,27,4,sodium bicarbonate (144-55-8),144-55-8
237,27,4,sodium chloride (7647-14-5),7647-14-5
238,27,4,sodium bromide (7647-15-6),7647-15-6
239,27,4,sodium sulfate (7757-82-6),7757-82-6
240,27,4,potassium hydroxide (1310-58-3),1310-58-3
241,27,4,Benzalacetophenone dibromide (611-91-6),611-91-6
242,27,4,Benzalacetone dibromide (6310-44-7),6310-44-7
243,27,4,α-Bromobenzalacetone,Not Found
244,27,4,"3-Buten-2-one, 3-bromo-4-phenyl- (31207-17-7)",31207-17-7
245,27,4,α-bromobenzalacetophenone (6935-75-7),6935-75-7
246,37,0,hydrazoic acid,Not Found
247,37,0,dioxime of o-benzoquinone,Not Found
248,37,0,o-nitrobenzenediazonium perbromide,Not Found
249,37,0,o-nitrobenzenediazo-4-semicar-bazinocamphor,Not Found
250,37,0,ethanol (64-17-5),64-17-5
251,37,0,hydrochloric acid (7647-01-0),7647-01-0
252,37,0,ammonia (7664-41-7),7664-41-7
253,37,0,sodium hydroxide (1310-73-2),1310-73-2
254,37,0,nitric acid (7697-37-2),7697-37-2
255,37,0,nitrogen (7727-37-9),7727-37-9
256,37,0,sodium nitrite (7632-00-0),7632-00-0
257,37,0,carbon (7782-42-5),7782-42-5
258,37,0,chlorine (7782-50-5),7782-50-5
259,37,0,potassium hydroxide (1310-58-3),1310-58-3
260,37,0,toluene (108-88-3),108-88-3
261,37,0,sodium hypochlorite (7681-52-9),7681-52-9
262,37,0,hydrazine (302-01-2),302-01-2
263,37,0,sodium azide (26628-22-8),26628-22-8
264,37,0,potassium ferricyanide (13746-66-2),13746-66-2
265,37,0,"Benzofurazan oxide,
Benzofurazan 1-oxide (480-96-6)",480-96-6
266,37,0,phenyl iodosoacetate,Not Found
267,37,0,O-benzyl-hydroxylamine hydrochloride (2687-43-6),2687-43-6
268,37,0,o-NITROANILINE (88-74-4),88-74-4
269,37,0,p-nitroaniline (100-01-6),100-01-6
270,37,0,o-NITROPHENYLAZIDE (1516-58-1),1516-58-1
271,37,0,o-nitrobenzenediazonium sulfate,Not Found
272,37,0,o-nitrobenzenediazonium acetate,Not Found
273,37,0,o-nitrophenylhydrazine (3034-19-3),3034-19-3
274,37,1,petroleum ether,Not Found
275,37,1,Benzene (71-43-2),71-43-2
276,37,1,aniline (62-53-3),62-53-3
277,37,1,xylene (106-42-3),106-42-3
278,37,1,Ethyl benzalmalonate,Not Found
279,37,1,Ethyl benzoylacetate (94-02-0),94-02-0
280,37,1,"Benzoylacetanilide,
Acetanilide, 2-benzoyl- (85-99-4)",85-99-4
281,37,1,2-amino-5-nitroanisole (97-52-9),97-52-9
282,37,1,3-Carboxy-4-hydroxyquinoline,Not Found
283,37,1,4-Benzal-2-phenyl-5-oxazolone (842-74-0),842-74-0
284,37,1,Oleoyl chloride (112-77-6),112-77-6
285,37,2,hydrochloric acid (7647-01-0),7647-01-0
286,37,2,Benzene (71-43-2),71-43-2
287,37,2,ether (60-29-7),60-29-7
288,37,2,benzonitrile (100-47-0),100-47-0
289,37,2,sodium hydroxide (1310-73-2),1310-73-2
290,37,2,thionyl chloride (7719-09-7),7719-09-7
291,37,2,chloroform (67-66-3),67-66-3
292,37,2,aluminum chloride (3495-54-3),3495-54-3
293,37,2,chromic acid (7738-94-5),7738-94-5
294,37,2,Phenylmagnesium bromide (100-58-3),100-58-3
295,37,2,Nicotinic acid (59-67-6),59-67-6
296,37,2,aluminum hydroxide,Not Found
297,37,2,hexane (110-54-3),110-54-3
298,37,2,"3-Benzoylpyridine,
Ketone, phenyl 3-pyridyl (5424-19-1)",5424-19-1
299,37,2,diphenyl sulfoxide (945-51-7),945-51-7
300,37,2,4-Benzoylpyridine (14548-46-0),14548-46-0
301,37,2,3-cyanopyridine (100-54-9),100-54-9
302,37,2,3-pyridyllithium,Not Found
303,37,2,phenyl-3-pyridylcarbinol,Not Found
304,37,2,β-benzoylpicolinic acid,Not Found
305,37,2,quinolinic acid anhydride,Not Found
306,37,2,isonicotinic acid (55-22-1),55-22-1
307,37,3,sulfuric acid (7664-93-9),7664-93-9
308,37,3,hydrochloric acid (7647-01-0),7647-01-0
309,37,3,acetic acid (64-19-7),64-19-7
310,37,3,Benzene (71-43-2),71-43-2
311,37,3,ether (60-29-7),60-29-7
312,37,3,sodium acetate (127-09-3),127-09-3
313,37,3,sodium bicarbonate (144-55-8),144-55-8
314,37,3,sodium chloride (7647-14-5),7647-14-5
315,37,3,sodium sulfate (7757-82-6),7757-82-6
316,37,3,carbon tetrachloride (56-23-5),56-23-5
317,37,3,nitrogen (7727-37-9),7727-37-9
318,37,3,sodium methoxide (124-41-4),124-41-4
319,37,3,sulfuryl chloride (7791-25-5),7791-25-5
320,37,3,pyridine (110-86-1),110-86-1
321,37,3,methylmagnesium iodide (917-64-6),917-64-6
322,37,3,"2,4-Dinitrophenylhydrazine (119-26-6)",119-26-6
323,37,3,nitrosyl chloride (2696-92-6),2696-92-6
324,37,3,stannic chloride (7646-78-8),7646-78-8
325,37,3,magnesium sulfate (7487-88-9),7487-88-9
326,37,3,Diazomethane (334-88-3),334-88-3
327,37,3,magnesium oxide (1309-48-4),1309-48-4
328,37,3,sodium dichromate dihydrate (10588-01-9),10588-01-9
329,37,3,dimethylformamide (68-12-2),68-12-2
330,37,3,N-bromosuccinimide (128-08-5),128-08-5
331,37,3,"2,4,6-collidine (108-75-8)",108-75-8
332,37,3,2-methylcyclohexanone (583-60-8),583-60-8
333,37,3,2-methylcyclohexanol (583-59-5),583-59-5
334,37,3,1-methylcyclohexene,Not Found
335,37,3,"2-Methyl-2-cyclohexenone,
2-Cyclohexen-1-one, 2-methyl- (1121-18-2)",1121-18-2
336,37,3,"2-Chloro-2-methylcyclohexanone,
Cyclohexanone, 2-chloro-2-methyl- (10409-46-8)",10409-46-8
337,37,3,collidine hydrochloride,Not Found
338,37,3,Lithium chloride (7447-41-8),7447-41-8
339,37,3,2-methylenecyclohexanone,Not Found
340,37,3,"1,2-Cyclohexanedione (765-87-7)",765-87-7
341,37,3,5-heptenoic acid chloride,Not Found
342,37,4,phosphorus pentachloride and oxychloride,Not Found
343,37,4,hydrogen chloride (7647-01-0),7647-01-0
344,37,4,ether (60-29-7),60-29-7
345,37,4,sodium hydroxide (1310-73-2),1310-73-2
346,37,4,phosphorus pentachloride (10026-13-8),10026-13-8
347,37,4,sodium carbonate (497-19-8),497-19-8
348,37,4,Phosphorus Oxychloride (21295-50-1),21295-50-1
349,37,4,"2-Chloronicotinonitrile,
Nicotinonitrile, 2-chloro- (6602-54-6)",6602-54-6
350,37,4,nicotinamide-1-oxide (1986-81-8),1986-81-8
351,37,4,2-chloronicotinamide (10366-35-5),10366-35-5
352,37,4,3-amino-2-chloropyridine (6298-19-7),6298-19-7
353,37,4,phosphorus pentoxide (1314-56-3),1314-56-3
354,47,0,hydrogen chloride (7647-01-0),7647-01-0
355,47,0,carbon monoxide (630-08-0),630-08-0
356,47,0,hydroquinone (123-31-9),123-31-9
357,47,0,potassium permanganate (7722-64-7),7722-64-7
358,47,0,sodium sulfate (7757-82-6),7757-82-6
359,47,0,aluminum chloride (3495-54-3),3495-54-3
360,47,0,Mesitylene (108-67-8),108-67-8
361,47,0,methylene chloride (75-09-2),75-09-2
362,47,0,boron trifluoride (7637-07-2),7637-07-2
363,47,0,ethoxymethyleneaniline (6780-49-0),6780-49-0
364,47,0,"Mesitaldehyde,
Benzaldehyde, 2,4,6-trimethyl- (487-68-3)",487-68-3
365,47,0,Mesitoyl chloride (938-18-1),938-18-1
366,47,0,mesitylmagnesium bromide (2633-66-1),2633-66-1
367,47,0,titanium tetrachloride (7550-45-0),7550-45-0
368,47,0,Dichloromethyl methyl ether (4885-02-3),4885-02-3
369,47,0,acetylmesitylene,Not Found
370,47,0,iron pentacarbonyl,Not Found
371,47,0,formyl fluoride (1493-02-3),1493-02-3
372,47,1,H2O,Not Found
373,47,1,dehydrobenzene,Not Found
374,47,1,calcium chloride (10043-52-4),10043-52-4
375,47,1,sulfuric acid (7664-93-9),7664-93-9
376,47,1,hydrochloric acid (7647-01-0),7647-01-0
377,47,1,acetic acid (64-19-7),64-19-7
378,47,1,ammonia (7664-41-7),7664-41-7
379,47,1,ethyl acetate (141-78-6),141-78-6
380,47,1,ether (60-29-7),60-29-7
381,47,1,ammonium chloride (12125-02-9),12125-02-9
382,47,1,hydrogen (1333-74-0),1333-74-0
383,47,1,acetonitrile (75-05-8),75-05-8
384,47,1,sodium hydroxide (1310-73-2),1310-73-2
385,47,1,glycerol (56-81-5),56-81-5
386,47,1,magnesium (7439-95-4),7439-95-4
387,47,1,sulfur dioxide (7446-09-5),7446-09-5
388,47,1,nitrogen (7727-37-9),7727-37-9
389,47,1,sodium nitrite (7632-00-0),7632-00-0
390,47,1,nitrous acid (7782-77-6),7782-77-6
391,47,1,copper powder (7440-50-8),7440-50-8
392,47,1,potassium hydroxide (1310-58-3),1310-58-3
393,47,1,zinc (7440-66-6),7440-66-6
394,47,1,phosphoric acid (7664-38-2),7664-38-2
395,47,1,methylene chloride (75-09-2),75-09-2
396,47,1,palladium oxide,Not Found
397,47,1,sulfamic acid (5329-14-6),5329-14-6
398,47,1,CYCLOPENTADIENE (542-92-7),542-92-7
399,47,1,Benzenediazonium-2-carboxylate (1608-42-0),1608-42-0
400,47,1,"1,2,3-Benzothiadiazole 1,1-dioxide (37150-27-9)",37150-27-9
401,47,1,2-Nitrobenzenesulfinic acid (13165-79-2),13165-79-2
402,47,1,2-Nitroaniline (88-74-4),88-74-4
403,47,1,Sodium 2-aminobenzenesulfinate (50827-53-7),50827-53-7
404,47,1,"1,2,3-benzothiadiazoline 1,1-dioxide",Not Found
405,47,1,o-fluorobromobenzene (1072-85-1),1072-85-1
406,47,1,phosphorus pentoxide (1314-56-3),1314-56-3
407,47,1,lead tetraacetate (546-67-8),546-67-8
408,47,2,tetrahydro-exo-dicyclopentadiene-9-one oxime,Not Found
409,47,2,"hydrogen chloride,
hydrochloric acid (7647-01-0)",7647-01-0
410,47,2,ether (60-29-7),60-29-7
411,47,2,sodium hydroxide (1310-73-2),1310-73-2
412,47,2,chloroform (67-66-3),67-66-3
413,47,2,sodium bicarbonate (144-55-8),144-55-8
414,47,2,Benzoic acid (65-85-0),65-85-0
415,47,2,phosphoric acid (7664-38-2),7664-38-2
416,47,2,peroxide (7722-84-1),7722-84-1
417,47,2,benzoyl peroxide (94-36-0),94-36-0
418,47,2,magnesium sulfate (7487-88-9),7487-88-9
419,47,2,"1-Pentalenecarboxylic acid, octahydro-",Not Found
420,47,2,2-(Trichloromethyl)bicyclo[3.3.0]octane (18127-07-6),18127-07-6
421,47,2,2-(dichloromethylene)bicyclo[3.3.0]octane,dichloromethylene)bicyclo[3.3.0]octane
422,47,2,exo-cis-Bicyclo[3.3.0]octane-2-carboxylic acid (18209-43-3),18209-43-3
423,47,2,"cis,cis-1,5-cyclooctadiene",Not Found
424,47,2,cis-bicyclo[3.3.0]-2-octanone cyanohydrin,Not Found
425,47,3,"Bis(1,3-diphenylimidazolidinylidene-2)","1,3-diphenylimidazolidinylidene-2"
426,47,3,"Δ2,2'-Bis(1,3-diphenylimidazolidine)","1,3-diphenylimidazolidine"
427,47,3,sulfuric acid (7664-93-9),7664-93-9
428,47,3,ether (60-29-7),60-29-7
429,47,3,chloroform (67-66-3),67-66-3
430,47,3,nitrogen (7727-37-9),7727-37-9
431,47,3,triethyl orthoformate (122-51-0),122-51-0
432,47,3,carbene (2465-56-7),2465-56-7
433,47,3,methylene chloride (75-09-2),75-09-2
434,47,3,"1,2-dianilinoethane,
N,N'-diphenylethylenediamine (150-61-8)",150-61-8
435,47,3,"1,3-diphenylimidazolidinone-2",Not Found
436,47,3,"1,3-diphenyl-2-trichlormethylimidazolidine",Not Found
437,47,3,"1,3-diphenylimidazolinium",Not Found
438,47,4,petroleum ether,Not Found
439,47,4,sulfuric acid (7664-93-9),7664-93-9
440,47,4,acetic acid (64-19-7),64-19-7
441,47,4,ether (60-29-7),60-29-7
442,47,4,platinum oxide,Not Found
443,47,4,aluminum chloride (3495-54-3),3495-54-3
444,47,4,magnesium sulfate (7487-88-9),7487-88-9
445,47,4,lithium aluminum hydride (16853-85-3),16853-85-3
446,47,4,t-butanol (75-65-0),75-65-0
447,47,4,4-t-butylcyclohexanone (98-53-3),98-53-3
448,47,4,"trans-4-t-BUTYLCYCLOHEXANOL,
Cyclohexanol, 4-t-butyl, trans- (21862-63-5)",21862-63-5
449,47,4,4-t-Butylcyclohexanol (98-52-2),98-52-2
450,47,4,p-t-butylphenol (98-54-4),98-54-4
451,57,0,petroleum ether,Not Found
452,57,0,methanol (67-56-1),67-56-1
453,57,0,"ether,
diethyl ether (60-29-7)",60-29-7
454,57,0,bromine (7726-95-6),7726-95-6
455,57,0,carbon tetrachloride (56-23-5),56-23-5
456,57,0,nitrogen (7727-37-9),7727-37-9
457,57,0,Succinic acid (110-15-6),110-15-6
458,57,0,toluene (108-88-3),108-88-3
459,57,0,sodium (13966-32-0),13966-32-0
460,57,0,potassium (7440-09-7),7440-09-7
461,57,0,xylene (106-42-3),106-42-3
462,57,0,methylcyclohexane (108-87-2),108-87-2
463,57,0,Diethyl succinate (123-25-1),123-25-1
464,57,0,sodium-potassium,Not Found
465,57,0,calcium hydride (7789-78-8),7789-78-8
466,57,0,CHLOROTRIMETHYLSILANE (75-77-4),75-77-4
467,57,0,"1,2-bis(trimethylsilyloxy)cyclobutene,
Trimethylsilane, 1-cyclobuten-1,2-ylenedioxybis- (17082-61-0)",17082-61-0
468,57,0,"2-Hydroxycyclobutanone,
Cyclobutanone, 2-hydroxy- (17082-63-2)",17082-63-2
469,57,0,diethylsuccinate,Not Found
470,57,0,methoxytrimethylsilane (1825-61-2),1825-61-2
471,57,0,dichlorodimethylsilane (75-78-5),75-78-5
472,57,0,monochlorosilane (13465-78-6),13465-78-6
473,57,0,diethyl pentanedioate (818-38-2),818-38-2
474,57,1,silica gel,Not Found
475,57,1,petroleum ether,Not Found
476,57,1,ethanol (64-17-5),64-17-5
477,57,1,acetic acid (64-19-7),64-19-7
478,57,1,hydrogen bromide (10035-10-6),10035-10-6
479,57,1,carbon (7782-42-5),7782-42-5
480,57,1,sodium ethoxide (141-52-6),141-52-6
481,57,1,camphor (21368-68-3),21368-68-3
482,57,1,dimethyl sulfoxide (67-68-5),67-68-5
483,57,1,"1,2-dimethoxyethane (110-71-4)",110-71-4
484,57,1,dimethoxyethane (534-15-6),534-15-6
485,57,1,"2-ADAMANTANECARBONITRILE,
Tricyclo[3.3.1.13,7]decane-2-carbonitrile (35856-00-9)",35856-00-9
486,57,1,"Adamantanone,
Tricyclo[3.3.1.13,7]decan-2-one (700-58-3)",700-58-3
487,57,1,"β,β-dimethyl-α-tetralone",Not Found
488,57,1,2-adamantanecarboxylic acid (15897-81-1),15897-81-1
489,57,1,"p-Tolylsulfonylmethyl isocyanide,
p-Tolylsulfonylmethylisocyanide (36635-61-7)",36635-61-7
490,57,1,potassium tert-butoxide (865-47-4),865-47-4
491,57,1,potassium p-toluenesulfinate,Not Found
492,57,2,cobalt(II) acetylacetonate,II) acetylacetonate
493,57,2,Bis(acetylacetonate) cobalt(II),II
494,57,2,Bis(acetylacetonate)e cobalt(II),II
495,57,2,"(−)DIOP [(4R,5R)-2,2-dimethyl-4,5-bis(5-dibenzophosphol-5-ylmethyl)-1,3-dioxolane]","5-dibenzophosphol-5-ylmethyl)-1,3-dioxolane]"
496,57,2,methane sulfonate of cyclohexylmethanol,Not Found
497,57,2,,Not Found
498,57,2,potassium carbonate (584-08-7),584-08-7
499,57,2,Benzene (71-43-2),71-43-2
500,57,2,diethyl ether (60-29-7),60-29-7
501,57,2,hydrogen (1333-74-0),1333-74-0
502,57,2,carbon monoxide (630-08-0),630-08-0
503,57,2,Acrolein (107-02-8),107-02-8
504,57,2,Cyclohexanone (108-94-1),108-94-1
505,57,2,Cyclohexene (110-83-8),110-83-8
506,57,2,sodium sulfate (7757-82-6),7757-82-6
507,57,2,nitrogen (7727-37-9),7727-37-9
508,57,2,sodium hydrogen sulfite (7631-90-5),7631-90-5
509,57,2,sodium (13966-32-0),13966-32-0
510,57,2,butadiene (106-99-0),106-99-0
511,57,2,heptane (142-82-5),142-82-5
512,57,2,cobalt (7440-48-4),7440-48-4
513,57,2,dimethyl sulfoxide (67-68-5),67-68-5
514,57,2,"N,N-Dimethylcyclohexanecarboxamide (17566-51-7)",17566-51-7
515,57,2,Cyclohexanecarboxaldehyde (2043-61-0),2043-61-0
516,57,2,cyclohexanecarbonyl chloride (2719-27-9),2719-27-9
517,57,2,rhodium (7440-16-6),7440-16-6
518,57,2,rhodium(III) oxide (12036-35-0),12036-35-0
519,57,2,2-butene,Not Found
520,57,2,3-cyclohexene-1-carboxaldehyde,Not Found
521,57,2,lithium diethoxyaluminum hydride,Not Found
522,57,2,lithium tri-tert-butoxyaluminum hydride (17476-04-9),17476-04-9
523,57,3,"TRICARBONYL[2-[(2,3,4,5-η)-4-METHOXY-2,4-CYCLOHEXADIEN-1-YL]-5,5-DIMETHYL-1,3-CYCLOHEXANEDIONE]IRON","2,3,4,5-η)-4-METHOXY-2,4-CYCLOHEXADIEN-1-YL]-5,5-DIMETHYL-1,3-CYCLOHEXANEDIONE]IRON"
524,57,3,"Iron, tricarbonyl[2-[(2,3,4,5-η)-4-methoxy-2,4-cyclohexadien-1-yl]-5,5-dimethyl-1,3-cyclohexanedione]-","2,3,4,5-η)-4-methoxy-2,4-cyclohexadien-1-yl]-5,5-dimethyl-1,3-cyclohexanedione]-"
525,57,3,"tricarbonyl[(1,2,3,4,5-η)-2,4-cyclohexadien-1-yl]iron(1+) hexafluorophosphate(1−)",1−
526,57,3,ethanol (64-17-5),64-17-5
527,57,3,iron(III) chloride (7705-08-0),7705-08-0
528,57,3,tetrafluoroborate (14874-70-5),14874-70-5
529,57,3,"1,3-Cyclohexanedione, 5,5-dimethyl-,
dimedone (126-81-8)",126-81-8
530,57,3,hexafluorophosphate,Not Found
531,57,3,TRICARBONYL(DIENE)IRON,DIENE)IRON
532,57,4,oxygen-free nitrogen,Not Found
533,57,4,thallium(III) trifluoroacetone,III) trifluoroacetone
534,57,4,ethanol (64-17-5),64-17-5
535,57,4,hydrogen chloride (7647-01-0),7647-01-0
536,57,4,Benzene (71-43-2),71-43-2
537,57,4,acetonitrile (75-05-8),75-05-8
538,57,4,nitrogen (7727-37-9),7727-37-9
539,57,4,Anisole (100-66-3),100-66-3
540,57,4,copper (7440-50-8),7440-50-8
541,57,4,calcium sulfate (7778-18-9),7778-18-9
542,57,4,"nickel,
Raney nickel (7440-02-0)",7440-02-0
543,57,4,chlorobenzene (108-90-7),108-90-7
544,57,4,palladium (7440-05-3),7440-05-3
545,57,4,bis(2-methoxyethyl) ether (111-96-6),111-96-6
546,57,4,1-chloro-4-methoxybenzene (623-12-1),623-12-1
547,57,4,"1,3-dimethoxybenzene (151-10-0)",151-10-0
548,57,4,tellurium,Not Found
549,57,4,tellurium tetrachloride (10026-07-0),10026-07-0
550,57,4,Bis(4-methoxyphenyl)tellurium dichloride (4456-36-4),4456-36-4
551,57,4,bis(3-methyl-4-methoxyphenyl)tellurium dichloride,3-methyl-4-methoxyphenyl)tellurium dichloride
552,57,4,bis(4-methoxyphenyl)telluride,4-methoxyphenyl)telluride
553,57,4,palladium(II) acetate (3375-31-3),3375-31-3
554,57,4,vanadium tetrachloride (7632-51-1),7632-51-1
555,57,4,diphenyltellurium dichloride,Not Found
556,57,4,"4,4'-dimethoxybiphenyl,
4,4'-Dimethoxy-1,1'-biphenyl,
1,1'-Biphenyl, 4,4'-dimethoxy- (2132-80-1)",2132-80-1
557,67,0,hexanes,Not Found
558,67,0,"(S)-(+)- AND (R)-(−)-1,1'-BINAPHTHYL-2,2'-DIYL HYDROGEN PHOSPHATE","−)-1,1'-BINAPHTHYL-2,2'-DIYL HYDROGEN PHOSPHATE"
559,67,0,(±)-Binaphthylphosphoric (BNP) acid,BNP) acid
560,67,0,pyridine-solvated binaphthylphosphoric (BNP) acid,BNP) acid
561,67,0,(S)-(+)- and (R)-(−)-BNP acid,−)-BNP acid
562,67,0,binaphthylphosphoric (BNP) acid,BNP) acid
563,67,0,(S)-(+)-BNP acid,+)-BNP acid
564,67,0,(R)-(−)-BNP ACID,−)-BNP ACID
565,67,0,(−)-BNP acid,−)-BNP acid
566,67,0,(+)- and (−)-BNP acid,−)-BNP acid
567,67,0,cephalosporin,Not Found
568,67,0,o-tyrosine,Not Found
569,67,0,(S)-(−)- and (R)-(+)-binaphthol,+)-binaphthol
570,67,0,methyl ester derivatives,Not Found
571,67,0,ethanol (64-17-5),64-17-5
572,67,0,hydrochloric acid (7647-01-0),7647-01-0
573,67,0,ethyl acetate (141-78-6),141-78-6
574,67,0,methanol (67-56-1),67-56-1
575,67,0,ether (60-29-7),60-29-7
576,67,0,2-naphthol (135-19-3),135-19-3
577,67,0,acetate,Not Found
578,67,0,acetone (67-64-1),67-64-1
579,67,0,carbon (7782-42-5),7782-42-5
580,67,0,Phosphorus Oxychloride (21295-50-1),21295-50-1
581,67,0,pyridine (110-86-1),110-86-1
582,67,0,toluene (108-88-3),108-88-3
583,67,0,2-propanol (67-63-0),67-63-0
584,67,0,ferric chloride (7705-08-0),7705-08-0
585,67,0,cinchonidine (485-71-2),485-71-2
586,67,0,pyridine hydrochloride (628-13-7),628-13-7
587,67,0,Diazomethane (334-88-3),334-88-3
588,67,0,strychnine,Not Found
589,67,0,Tetrahydrofuran (109-99-9),109-99-9
590,67,0,lithium aluminum hydride (16853-85-3),16853-85-3
591,67,0,phosphorous oxychloride,Not Found
592,67,0,"pyridine, phosphorus oxychloride",Not Found
593,67,0,binaphthol,Not Found
594,67,0,"(+)-cinchonine,
cinchonine","+)-cinchonine,
cinchonine"
595,67,0,"binaphthylphosphoric acid,
(±)-binaphthylphosphoric acid",±)-binaphthylphosphoric acid
596,67,0,"2-amino-1,2-diphenylethanol",Not Found
597,67,0,2-aminobutanol (13054-87-0),13054-87-0
598,67,0,"2-amino-1-(4-nitrophenyl)-1,3-propanediol (119-62-0)",119-62-0
599,67,0,α-difluoromethyl-α-aminovaleric acid,Not Found
600,67,0,dibenzothiepin,Not Found
601,67,0,"1,1'-bi-2-naphthol,
(±)-1,1'-bi-2-naphthol (18531-99-2)",18531-99-2
602,67,0,3-hydroxyphenyl-N-propylpiperidine,Not Found
603,67,0,"Dinaphtho[2,1-d:1',2'-f][1,3,2]dioxaphosphepin, 4-hydroxy-, 4-oxide (39648-67-4)",39648-67-4
604,67,1,silica gel,Not Found
605,67,1,brine,Not Found
606,67,1,"(R)-(+)-1,1'-BINAPHTHALENE-2,2'-DIOL","+)-1,1'-BINAPHTHALENE-2,2'-DIOL"
607,67,1,"(R)-(−)-Methyl 1,1'-binaphthyl-2,2'-diylphosphate","−)-Methyl 1,1'-binaphthyl-2,2'-diylphosphate"
608,67,1,"(R)-(−)-1,1'-binaphthyl-2,2'-diyl hydrogen phosphate","−)-1,1'-binaphthyl-2,2'-diyl hydrogen phosphate"
609,67,1,"Crude (R)-(+)-1,1'-binaphthalene-2,2'-diol","+)-1,1'-binaphthalene-2,2'-diol"
610,67,1,"(R)-(−)-methyl 1,1'-binaphthyl-2,2'-diyl phosphate","−)-methyl 1,1'-binaphthyl-2,2'-diyl phosphate"
611,67,1,Red-Al,Not Found
612,67,1,"(R)-(−)-1,1'-binaphthyl-2,2'-diyl phosphate","−)-1,1'-binaphthyl-2,2'-diyl phosphate"
613,67,1,"1,1'-Binaphthalene]-2,2'-diol,(R)-",R)-
614,67,1,hydrochloric acid (7647-01-0),7647-01-0
615,67,1,ethyl acetate (141-78-6),141-78-6
616,67,1,methanol (67-56-1),67-56-1
617,67,1,ether (60-29-7),60-29-7
618,67,1,sodium bicarbonate (144-55-8),144-55-8
619,67,1,sodium sulfate (7757-82-6),7757-82-6
620,67,1,nitrogen (7727-37-9),7727-37-9
621,67,1,dimethyl sulfate (77-78-1),77-78-1
622,67,1,Norit A (7782-42-5),7782-42-5
623,67,1,"toluene,
M toluene (108-88-3)",108-88-3
624,67,1,2-propanol (67-63-0),67-63-0
625,67,1,sodium hypochlorite (7681-52-9),7681-52-9
626,67,1,Diazomethane (334-88-3),334-88-3
627,67,1,lithium aluminum hydride (16853-85-3),16853-85-3
628,67,1,hexane (110-54-3),110-54-3
629,67,1,phosphate,Not Found
630,67,1,"N,N-dimethylacetamide (127-19-5)",127-19-5
631,67,1,sodium bis(2-methoxyethoxy)aluminum hydride,2-methoxyethoxy)aluminum hydride
632,67,1,phosphorus hydride (7723-14-0),7723-14-0
633,67,1,"1,1'-binaphthyl-2,2'-diyl hydrogen phosphate (39648-67-4)",39648-67-4
634,67,2,sodium benzophenone ketyl,Not Found
635,67,2,"(R)-(+)- AND (S)-(−)-2,2'-BIS(DIPHENYLPHOSPHINO)-1,1'-BINAPHTHYL (BINAP)",BINAP
636,67,2,"(±)-2,2'-Bis(diphenylphosphinyl)-1,1'-binaphthyl [(±)-BINAPO]",±)-BINAPO]
637,67,2,(±)-BINAPO,±)-BINAPO
638,67,2,BINAPO,Not Found
639,67,2,"(−)-2,3-O-dibenzoyl-L-tartaric acid monohydrate [(−)-DBT monohydrate",−)-DBT monohydrate
640,67,2,(R)-(+)-BINAPO,+)-BINAPO
641,67,2,(S)-BINAPO,S)-BINAPO
642,67,2,(−)-DBT,−)-DBT
643,67,2,((R)-BINAPO,R)-BINAPO
644,67,2,(−)-DBT),−)-DBT
645,67,2,(R)-BINAPO,R)-BINAPO
646,67,2,(+)-DBT monohydrate,+)-DBT monohydrate
647,67,2,(R)-BINAPO-(+)-DBT-complex,+)-DBT-complex
648,67,2,(S)-(−)-BINAPO,−)-BINAPO
649,67,2,(S)-BINAP,S)-BINAP
650,67,2,"(−)-2,3-O-dibenzoyl-L-tartaric acid monohydrate","−)-2,3-O-dibenzoyl-L-tartaric acid monohydrate"
651,67,2,S-BINAPO,Not Found
652,67,2,R)-(+)-BINAPO,+)-BINAPO
653,67,2,(R)-(+)-BINAP,+)-BINAP
654,67,2,BINAP,Not Found
655,67,2,(±)-BINAP,±)-BINAP
656,67,2,"di-μ-chlorobis[(S)-N,N-dimethyl-α-phenylethyl-amine-2C,N]dipalladium","S)-N,N-dimethyl-α-phenylethyl-amine-2C,N]dipalladium"
657,67,2,(+)-BINAP,+)-BINAP
658,67,2,"citronellal (E)-N,N-diethylenamine","E)-N,N-diethylenamine"
659,67,2,"Phosphine, [1,1'-binaphthalene]-2,2'-diylbis[diphenyl-, (R)- or (S)-",S)-
660,67,2,ethanol (64-17-5),64-17-5
661,67,2,Benzene (71-43-2),71-43-2
662,67,2,ethyl acetate (141-78-6),141-78-6
663,67,2,methanol (67-56-1),67-56-1
664,67,2,ammonium chloride (12125-02-9),12125-02-9
665,67,2,acetonitrile (75-05-8),75-05-8
666,67,2,sodium hydroxide (1310-73-2),1310-73-2
667,67,2,phosphorus pentachloride (10026-13-8),10026-13-8
668,67,2,chloroform (67-66-3),67-66-3
669,67,2,magnesium turnings (7439-95-4),7439-95-4
670,67,2,hydrogen bromide (10035-10-6),10035-10-6
671,67,2,bromine (7726-95-6),7726-95-6
672,67,2,sodium sulfate (7757-82-6),7757-82-6
673,67,2,β-naphthol (135-19-3),135-19-3
674,67,2,iodine (7553-56-2),7553-56-2
675,67,2,toluene (108-88-3),108-88-3
676,67,2,ethylene (9002-88-4),9002-88-4
677,67,2,"1,2-dibromoethane (106-93-4)",106-93-4
678,67,2,ferric chloride (7705-08-0),7705-08-0
679,67,2,xylene (106-42-3),106-42-3
680,67,2,Tetrahydrofuran (109-99-9),109-99-9
681,67,2,heptane (142-82-5),142-82-5
682,67,2,phosphine (7723-14-0),7723-14-0
683,67,2,hexane (110-54-3),110-54-3
684,67,2,dimethyl sulfoxide (67-68-5),67-68-5
685,67,2,triethylamine (121-44-8),121-44-8
686,67,2,argon (7440-37-1),7440-37-1
687,67,2,calcium hydride (7789-78-8),7789-78-8
688,67,2,triphenylphosphine (603-35-0),603-35-0
689,67,2,triphenylphosphine oxide (791-28-6),791-28-6
690,67,2,homoallylic alcohols (627-27-0),627-27-0
691,67,2,diphenylphosphinous chloride (1079-66-9),1079-66-9
692,67,2,TRICHLOROSILANE (10025-78-2),10025-78-2
693,67,2,diphenylphosphinyl chloride (1499-21-4),1499-21-4
694,67,2,diphenylphosphinic acid (1707-03-5),1707-03-5
695,67,2,diethylnerylamine (40137-00-6),40137-00-6
696,67,2,diethylgeranylamine (40267-53-6),40267-53-6
697,67,2,"1,1'-bi-2-naphthol,
2,2'-dihydroxy-1,1'-binaphthyl (18531-99-2)",18531-99-2
698,67,2,(S)-(−)-BINAP (76189-56-5),76189-56-5
699,67,2,"2,2'-Dibromo-1,1'-binaphthyl (74866-28-7)",74866-28-7
700,67,3,brine,Not Found
701,67,3,"(R)-(−)-N,N-DIETHYL-(E)-CITRONELLALENAMINE",E)-CITRONELLALENAMINE
702,67,3,"1-(E), 6-Octadienamine, (R)-(−)-N,N-diethyl-3,7-dimethyl- and 6-octenal, 3,7-dimethyl-, (R)-(+)-",+)-
703,67,3,"[Rh{(+)-BINAP} (1,5-C8H12)] ClO4","1,5-C8H12)] ClO4"
704,67,3,"chloro-(1,5-cyclooctadiene)rhodium(I) dimer",I) dimer
705,67,3,"(+)-2,2'-bis(diphenylphosphino)-1,1'-binaphthyl [(+)-BINAP]",+)-BINAP]
706,67,3,"[Rh{(−)-BINAP}(1,5-C8H12)] ClO4","1,5-C8H12)] ClO4"
707,67,3,"(−)-2,2'-bis(diphenylphosphino)-1,1'-binaphthyl [(−)-BINAP]",−)-BINAP]
708,67,3,"(R)-(−)-N,N-Diethyl-(E)-citronellalenamine [(R)-(−)-N,N-Diethyl-3,7-dimethyl-1(E),6-octadienylamine]","E),6-octadienylamine]"
709,67,3,"[Rh{(−)-BINAP} (1,5-C8H12)]ClO4 THF","1,5-C8H12)]ClO4 THF"
710,67,3,"N,N-diethyl-2-ethylede-6-methyl-5-heptenylamine",Not Found
711,67,3,muscone,Not Found
712,67,3,(+)-7-hydroxydihydrocitronellal,+)-7-hydroxydihydrocitronellal
713,67,3,"[Rh{(−)-BINAP} (1,5-C8H12)] ClO4","1,5-C8H12)] ClO4"
714,67,3,(S)-(−)-citronellal,−)-citronellal
715,67,3,"(−)-N,N-diethyl-(E)-citronellalenamine",E)-citronellalenamine
716,67,3,"N-phenyl- or N,N-diphenylgeranylamine",Not Found
717,67,3,sulfuric acid (7664-93-9),7664-93-9
718,67,3,acetic acid (64-19-7),64-19-7
719,67,3,methanol (67-56-1),67-56-1
720,67,3,ether (60-29-7),60-29-7
721,67,3,sodium bicarbonate (144-55-8),144-55-8
722,67,3,silver chloride (7783-90-6),7783-90-6
723,67,3,sodium sulfate (7757-82-6),7757-82-6
724,67,3,nitrogen (7727-37-9),7727-37-9
725,67,3,calcium sulfate (7778-18-9),7778-18-9
726,67,3,acetone (67-64-1),67-64-1
727,67,3,toluene (108-88-3),108-88-3
728,67,3,sodium (13966-32-0),13966-32-0
729,67,3,Allylamine (107-11-9),107-11-9
730,67,3,"Tetrahydrofuran,
THF (109-99-9)",109-99-9
731,67,3,hexane (110-54-3),110-54-3
732,67,3,argon (7440-37-1),7440-37-1
733,67,3,calcium hydride (7789-78-8),7789-78-8
734,67,3,"1,5-cyclooctadiene",Not Found
735,67,3,"citronellal,
(+)-citronellal (106-23-0)",106-23-0
736,67,3,silver perchlorate (7783-93-9),7783-93-9
737,67,3,"N,N-Diethylnerylamine,
N,N-diethyl-nerylamine (40137-00-6)",40137-00-6
738,67,3,"N,N-Diethylgeranylamine (40267-53-6)",40267-53-6
739,67,3,rhodium(I) perchlorate,I) perchlorate
740,67,3,citronellol (106-22-9),106-22-9
741,67,3,1-menthol,Not Found
742,67,3,α-tocopherol (59-02-9),59-02-9
743,67,3,cyclohexylcitronellalimine,Not Found
744,67,3,"(S)-(-)-2,2'-Bis(diphenylphosphino)-1,1'-binaphthyl,
(R)-(+)-2,2'-Bis(diphenylphosphino)-1,1'-binapthyl (76189-56-5)",76189-56-5
745,67,3,(R)-(+)-Citronellal (2385-77-5),2385-77-5
746,67,3,"N,N-diethyl-2,7-dimethyl-2,6-octadienylamine",Not Found
747,67,3,"N,N-diethyl-3-methylene-7-methyl-6-octenylamine",Not Found
748,67,3,"(+)-N,N-diethyl-(E)-citronellalenamine",E)-citronellalenamine
749,67,3,N-cyclohexylgeranylamine,Not Found
750,67,3,"N,N-dimethyl-3-phenyl-2(E)-butenylamine",E)-butenylamine
751,67,3,dimethyl-3-phenyl-1(E)-butenylamine,E)-butenylamine
752,67,3,"N,N-dimethyl-2-propenylamine (2155-94-4)",2155-94-4
753,67,3,"N,N-dimethyl-2(E)-butenylamine",E)-butenylamine
754,67,3,"N,N-dimethyl-2-methyl-2-propenylamine",Not Found
755,67,3,"N,N-dimethyl-3-methyl-2-butenylamine",Not Found
756,67,4,brine,Not Found
757,67,4,MYRCENE,Not Found
758,67,4,Benzene (71-43-2),71-43-2
759,67,4,diethyl ether (60-29-7),60-29-7
760,67,4,sodium sulfate (7757-82-6),7757-82-6
761,67,4,nitrogen (7727-37-9),7727-37-9
762,67,4,diethylamine (109-89-7),109-89-7
763,67,4,lithium (7439-93-2),7439-93-2
764,67,4,butyllithium (109-72-8),109-72-8
765,67,4,Tetrahydrofuran (109-99-9),109-99-9
766,67,4,hexane (110-54-3),110-54-3
767,67,4,citral (5392-40-5),5392-40-5
768,67,4,calcium hydride (7789-78-8),7789-78-8
769,67,4,Linalool (78-70-6),78-70-6
770,67,4,citronellal (106-23-0),106-23-0
771,67,4,geranyl acetate (105-87-3),105-87-3
772,67,4,"N,N-Diethylgeranylamine,
2,6-Octadien-1-amine, N,N-diethyl-3,7-dimethyl-, (E)- (40267-53-6)",40267-53-6
773,67,4,sodium naphthalenide,Not Found
774,67,4,dipropylamine (142-84-7),142-84-7
775,67,4,"N,N-dipropylgeranylamine",Not Found
776,77,0,"(R,R)-1,2:4,5-Diepoxypentane:
D-threo-Pentitol, 1,2:4,5-dianhydro-3-deoxy- (12)- (109905-51-3)",109905-51-3
777,77,0,"Bis(1,5-dichloro-2,4-pentanedione) copper(II) complex:
Copper, bis(1,5-dichloro-2,4-pentanedionato-O,O')- (12); (135943-96-3)",135943-96-3
778,77,0,"Aluminum chloride (8,9); (7446-70-0)",7446-70-0
779,77,0,"Nitrobenzene: HIGHLY TOXIC:
Benzene, nitro- (8,9); (98-95-3)",98-95-3
780,77,0,"2,4-Pentanedione (8,9); (123-54-6)",123-54-6
781,77,0,"Chloroacetyl chloride:
Acetyl chloride, chloro- (8,9); (79-04-9)",79-04-9
782,77,0,"(2R,4R)-1,5-Dichloro-2,4-pentanediol:
2,4-Pentanediol, 1,5-dichloro-, [R-(R,R)]- (12); (136030-28-9)",136030-28-9
783,77,0,"1,5-Cyclooctadieneruthenium(II) chloride:
Ruthenium, dichloro[(1,2,5,6-η)-1,5-cyclooctadiene]- (9); (50982-12-2)",50982-12-2
784,77,0,"Triethylamine (8);
Ethanamine, N,N-diethyl- (9); (121-44-8)",121-44-8
785,77,0,"(S)-(−)-BINAP:
(S)-(−)-2,2'-Bis(diphenylphosphino)-1,1'-binaphthyl:
Phosphine, [1,1'-binaphthalene]-2,2'-diylbis(diphenyl-, (S)- (10); (76189-56-5)",76189-56-5
786,77,0,"Ruthenium chloride-(S)-BINAP-triethylamine:
Ruthenium, bis[[1,1'-binaphthalene]-2,2'-diylbis[diphenylphosphine]-P,P']di-μ-chlorodichloro(N,N-diethylethanamine)di- (12); (114717-51-0)",114717-51-0
787,77,0,"1,5-Dichloro-2,4-pentanedione:
2,4-Pentanedione, 1,5-dichloro- (9); (40630-12-4)",40630-12-4
788,77,0,"Hydrogen (8,9); (1333-74-0)",1333-74-0
789,77,0,"Potassium hydroxide (8,9); (1310-58-3)",1310-58-3
790,77,1,"[R-(R,S)]-β-Methyl-α-phenyl-1-pyrrolidineethanol:
1-Pyrrolideneethanol, β-methyl-α-phenyl-, [R-(R,S)]- (12); (127641-25-2)",127641-25-2
791,77,1,"(1R, 2S)-(−)-Norephedrine:
Norephedrine (8);
Benzeneethanol, α-(1-aminoethyl)-, [R-(R, S)]- (9); (492-41-4)",492-41-4
792,77,1,"1,4-Dibromobutane:
Butane, 1,4-dibromo- (8,9); (110-52-1)",110-52-1
793,77,1,"Hydrochloric acid in
2-propanol:
Hydrochloric acid (8,9); (7647-01-0)",7647-01-0
794,77,2,"(1S,2S)-N-(2-Hydroxy-1-methyl-2-phenylethyl)-N-methylpropionamide:
Propanamide, N-(2-hydroxy-1-methyl-2-phenylethyl)-N-methyl-, [R-(R,R)]- (14); (192060-67-6); [S-(R,R)]- (13); (159213-03-3)",159213-03-3
795,77,2,"(1S,2S)-(+)-Pseudoephedrine:
Pseudoephedrine, (+)- (8);
Benzenemethanol, α-[1-(methylamino)ethyl]-, (R,S)-(±)- (9); (90-82-4)",90-82-4
796,77,2,"Propionic anhydride (8);
Propanoic acid, anhydride (9); (123-62-6)",123-62-6
797,77,2,"[1S(R),2S]-N-(2-Hydroxy-1-methyl-2-phenylethyl)-N, 2-dimethylbenzenepropionamide:
(1S,2S)-Pseudoephedrine-(R)-2-methylhydrocinnamide:
Benzenepropanamide, N-(2-hydroxy-1-methyl-2-phenylethyl)-N, α-dimethyl-, [1S-[1R(R),2R]]- (13); (159345-08-1); [1S-[1R(S),2R]]- (13); (159345-06-9)",159345-06-9
798,77,2,"Lithium chloride (8,9); (7447-41-8)",7447-41-8
799,77,2,"Diisopropylamine (8);
2-Propanamine, N-(1-methylethyl)- (9); (108-18-9)",108-18-9
800,77,2,"Butyllithium:
Lithium, butyl- (8,9); (109-72-8)",109-72-8
801,77,2,"Benzyl bromide:
Toluene, α-bromo- (8);
Benzene, (bromomethyl)- (9); (100-39-0)",100-39-0
802,77,3,"(R)-α-Methylbenzenepropanal:
Benzenepropanal, α-methyl-, (R)- (9); (42307-59-5)",42307-59-5
803,77,3,"Lithium aluminum hydride:
Aluminate (1−), tetrahydro-, lithium (8);
Aluminate (1−), tetrahydro-, lithium, (I-4)- (9); (16853-85-3)",16853-85-3
804,77,3,"Ethyl acetate:
Acetic acid, ethyl ester (8,9); (141-78-6)",141-78-6
805,77,3,"[1S(R),2S]-N-(2-Hydroxy-1-methyl-2-phenylethyl)-N, 2-dimethylbenzene","2-Hydroxy-1-methyl-2-phenylethyl)-N, 2-dimethylbenzene"
806,77,3,"propionamide:
(1S,2S)-Pseudoephedrine-(R)-2-methylhydrocinnamide:",R)-2-methylhydrocinnamide:
807,77,3,"Benzenepropanamide, N-(2-hydroxy-1-methyl-2-phenylethyl)-N, α-dimethyl-,[1S-[1R(R),2R]]- (13); (159345-08-1); [1S-[1R(S),2R]]- (13); (159345-06-9)",159345-06-9
808,77,3,"Lithium triethoxyaluminum hydride:
Aluminate (1−), triethoxyhydro-, lithium (8);
Aluminate (1−), triethoxyhydro-, lithium, (I-4), (9); (17250-30-5)",17250-30-5
809,77,3,"Trifluoroacetic acid:
Acetic acid, trifluoro- (8,9); (76-05-1)",76-05-1
810,77,3,"(R)-β-Methylbenzenepropanol:
Benzenepropanol, β-methyl-, (R)- (10); (77943-96-5)",77943-96-5
811,77,3,"Diisopropylamine (8);
2-Propanamine, N-(1-methylethyl)- (9); (108-18-9)",108-18-9
812,77,3,"Butyllithium:
Lithium, butyl- (8,9); (109-72-8)",109-72-8
813,77,3,"Borane-ammonia complex: EXPLODES WHEN HEATED:
Borane, monoammoniate (8,9); (13774-81-7)",13774-81-7
814,77,3,"Lithium amidotrihydroborate:
Borate (1−), amidotrihydro-, lithium, (I-4)- (11); (99144-67-9)",99144-67-9
815,77,3,"(R)-2-Methyl-1-phenyl-3-heptanone:
3-Heptanone, 2-methyl-1-phenyl-, (R)- (13); (159213-12-4)",159213-12-4
816,77,3,"2-Methyl-2-propanol:
tert-Butyl alcohol (8);
2-Propanol, 2-methyl- (9); (75-65-0)",75-65-0
817,77,3,"2-Methyl-2-butene:
2-Butene, 2-methyl- (8,9); (513-35-9)",513-35-9
818,77,3,"Sodium dihydrogen phosphate:
Phosphoric acid, monosodium salt (8,9); (7558-80-7)",7558-80-7
819,77,3,"(R)-α-Methylbenzenepropanoic acid:
Benzenepropanoic acid, α-methyl-, (R)- (8); (14367-67-0)",14367-67-0
820,77,3,"1-Hydroxybenzotriazole hydrate:
1H-Benzotriazole, 1-hydroxy-, hydrate (12); (12333-53-9)",12333-53-9
821,77,3,"1-(3-Dimethylamino)propyl-3-ethylcarbodiimide hydrochloride:
Carbodiimide,","3-Dimethylamino)propyl-3-ethylcarbodiimide hydrochloride:
Carbodiimide,"
822,77,3,"[3-(dimethylamino)propyl]ethyl-, monohydrochloride (8);
1,3-Propanediamine,","8);
1,3-Propanediamine,"
823,77,3,"N'-(ethylcarbonimidoyl)-N,N-dimethyl-, monohydrochloride (9); (25952-53-8)",25952-53-8
824,77,3,"N,N-Dimethylformamide: CANCER SUSPECT AGENT:
Formamide, N,N-dimethyl- (8,9); (68-12-2)",68-12-2
825,77,3,"(R)-(+)-α-Methylbenzylamine:
Benzylamine, α-methyl-, (R)-(+)- (8);",8);
826,77,3,"Benzenemethanamine, α-methyl-, (R)- (9); (3886-69-9)",3886-69-9
827,77,3,"Triethylamine (8);
Ethanamine, N,N-diethyl- (9); (121-44-8)",121-44-8
828,77,3,"(R)-(+)-α-Methoxy-α-(trifluoromethyl)phenylacetic acid:
Hydratropic acid,
β,β,β-trifluoro-α-methoxy-, (+)- (9); (20445-31-2)",20445-31-2
829,77,3,"Benzene: CANCER SUSPECT AGENT: (8,9); (71-43-2)",71-43-2
830,77,3,"Oxalyl chloride (8);
Ethanedioyldichloride (9); (79-37-8)",79-37-8
831,77,3,"(S)-(+)-α-Methoxy-α-(trifluoromethyl)phenylacetyl chloride:
Hydratropoyl chloride,
β,β,β-trifluoro-α-methoxy-, (+)- (8,9); (20445-33-4)",20445-33-4
832,77,3,"4-Dimethylaminopyridine: HIGHLY TOXIC:
Pyridine, 4-(dimethylamino)- (8);
4-Pyridinamine, N,N-dimethyl- (9); (1122-58-3)",1122-58-3
833,77,3,"Phosphomolybdic acid:
Molybdophosphoric acid (9); (51429-74-4)",51429-74-4
834,77,3,"Cerium (III) molybdate:
Molybdic acid, cerium salt (9); (53986-44-0)",53986-44-0
835,77,3,"(S)-(−)-α-Methoxy-α-(trifluoromethyl)phenylacetic acid:
Hydratropic acid,
β,β,β-trifluoro-α-methoxy-, (S)-(−)- (8);
Benzeneacetic acid,
α-methoxy-α-(trifluoromethyl)-, (S)- (9); (17257-71-5)",17257-71-5
836,77,4,"(R)-(+)-2-Hydroxy-1,2,2-triphenylethyl acetate:
[(R)-HYTRA]:
1,2-Ethanediol, 1,1,2-triphenyl-, 2-acetate, (R)- (11); (95061-47-5)",95061-47-5
837,77,4,"(R)-(+)-1,1,2-Triphenylethanediol:
1,2-Ethanediol, 1,1,2-triphenyl-, (R)- (11); (95061-46-4)",95061-46-4
838,77,4,"Acetic anhydride (8);
Acetic acid anhydride (9); (108-24-7)",108-24-7
839,77,4,"Acetonitrile: TOXIC: (8,9); (75-05-8)",75-05-8
840,77,4,"Scandium(III) trifluoromethanesulfonate:
Methanesulfonic acid, trifluoro-, scandium (3+) salt (13); (144026-79-9)",144026-79-9
841,87,0,Benzaldehyde; (100-52-7),100-52-7
842,87,0,Pyrrolidine; (123-75-1),123-75-1
843,87,0,"N-Benzoyl pyrrolidine: Methanone, phenyl-1-pyrrolidinyl-; (3389-54-6)",3389-54-6
844,87,0,"tert-Butyl hydroperoxide: Hydroperoxide, 1,1-dimethylethyl; (75-91-2)",75-91-2
845,87,1,"2-Chloro-6,7-dimethoxy-1,2,3,4-tetrahydroisoquinoline",Not Found
846,87,1,"6,7-Dimethoxy-1,2,3,4-tetrahydroisoquinoline hydrochloride: Isoquinoline, 1,2,3,4-tetrahydro-6,7-dimethoxy-, hydrochloride (1:1); (2328-12-3)",2328-12-3
847,87,1,Sodium hypochlorite; (7681-52-9),7681-52-9
848,87,1,tert-Butanol: 2-Methyl-2-propanol; (7 5-65-0),7 5-65-0
849,87,2,"5-(Thiophen-2-yl)oxazole: Oxazole, 5-(2-thienyl)-; (70380-70-0)",70380-70-0
850,87,2,2-Thiophenecarboxaldehyde; (98-03-3),98-03-3
851,87,2,"Tosylmethylisocyanide: Benzene, [(isocyanomethyl)sulfonyl]-; (36635-63-9)",36635-63-9
852,87,2,"4-Bromo-5-(thiophen-2-yl)oxazole: Oxazole, 4-bromo-5-(2-thienyl)-; (959977-82-3)",959977-82-3
853,87,2,Lithium bis(trimethylsilyl)amide; (4039-32-1),4039-32-1
854,87,2,"N-Bromosuccinimide: 2,5-Pyrrolidinedione, 1-bromo-; ( 128-08-5)", 128-08-5
855,87,3,"(2S)-2-Amino-3-methyl-1,1-diphenyl-butanol; (78603-95-9)",78603-95-9
856,87,3,Bromobenzene; (108-86-1),108-86-1
857,87,3,L-Valine methyl ester hydrochloride; (6306-52-1),6306-52-1
858,87,3,"Phenylmagnesium chloride, 2 M in THF; (100-59-4)",100-59-4
859,87,3,Ethylene glycol; (107-21-1),107-21-1
860,87,3,Triisopropyl borate; (5419-55-6),5419-55-6
861,87,3,"(-)-(S)-1-(1,3,2-Dioxaborolan-2-yloxy)-3-methyl-1,1-diphenylbutan-2-amine; (879981-94-9)",879981-94-9
862,87,4,"(-)-(S)-1-(1,3,2-Dioxaborolan-2-yloxy)-3-methyl-1,1-diphenylbutan-2-amine; (879981-94-9)",879981-94-9
863,87,4,3-Acetyl pyridine; (350-03-8),350-03-8
864,87,4,Hydroxylamine hydrochloride; (5470-11-1),5470-11-1
865,87,4,Sodium hydride; (7646-69-7),7646-69-7
866,87,4,Benzyl bromide; (100-39-0),100-39-0
867,87,4,"Borane tetrahydrofuran complex solution, 1.0 M in tetrahydrofuran; (14044-65-6)",14044-65-6
868,87,4,(E)-1-Pyridin-3-yl-ethanone oxime; (106881-77-0),106881-77-0
869,87,4,"(E)-1-Pyridin-3-yl-ethanone O-benzyl-oxime: Ethanone, 1-(3-pyridinyl)-, O-(phenylmethyl)oxime, (1E)-; (1010079-98-7)",1010079-98-7
870,87,4,"(S)-1-Pyridin-3-yl-ethylamine: 3-Pyridinemethanamine, α-methyl-, (αS)-; (27854-9)",27854-9
871,87,4,"(S)-1-Pyridin-3-yl-ethylamine hydrochloride: 3-Pyridinemethanamine, α-methyl-, dihydrochloride, (S)-; (40154-84-5)",40154-84-5
872,97,1,Celecoxib: 4-[5-(4-Methylphenyl)-3-(trifluoromethyl)-1H-pyrazol-1-yl]benzenesulfonamide (169590-42-5),169590-42-5
873,97,1,Potassium carbonate (584-08-7),584-08-7
874,97,1,"2-Mesityl-2,5,6,7-tetrahydropyrrolo[2,1-c][1,2,4]triazol-4-ium chloride (1) (862893-81-0)",862893-81-0
875,97,1,Ethanol (64-17-5),64-17-5
876,97,1,Benzaldehyde (100-52-7),100-52-7
877,97,1,"DMF: N,N-Dimethylformamide (68-12-2)",68-12-2
878,97,1,Benzyl bromide (100-39-0),100-39-0
879,97,2,"Pyronin Y: Xanthylium, 3,6-bis(dimethylamino)-, chloride (1:1); (92-32-0)",92-32-0
880,97,2,Na3PO4: Sodium phosphate tribasic dodecahydrate; (10101-89-0),10101-89-0
881,97,2,I2: Iodine; (7553-56-2),7553-56-2
882,97,2,: 1-Methyl-2-pyrrolidinone; (872-50-4),872-50-4
883,97,2,HCHO: Formaldehyde solution (37 wt. % in H2O); (50-00-0),50-00-0
884,97,2,NaCNBH3: Sodium cyanoborohydride; (25895-60-7),25895-60-7
885,97,2,AcOH: Glacial acetic acid; (64-19-7),64-19-7
886,97,3,(LGO) (1): Levoglucosenone; (37112-31-5),37112-31-5
887,97,3,PEG 4000: Poly(ethylene glycol); (25322-68-3),25322-68-3
888,97,3,Sulfuric acid; (7664-93-9),7664-93-9
889,97,3,Cellulose; (9004-34-6),9004-34-6
890,97,4,tert-Butyl-N-hydroxycarbamate: N-tert-Butoxycarbonylhydroxylamine; (36016-38-3),36016-38-3
891,97,4,"Triethylamine: N,N-Diethylethanamine; (121-44-8)",121-44-8
892,97,4,"Diphenylphosphinic chloride: Phosphinic chloride, diphenyl-; (1499-21-4)",1499-21-4
893,97,4,"Citric acid: 2-Hydroxypropane-1,2,3-tricarboxylic acid; (72-99-9)",72-99-9
894,97,4,Trimethoxybenzene; (634-36-6),634-36-6
895,97,4,Methanesulfonic acid; (75-75-2),75-75-2
896,97,4,Sodium hydroxide; (1310-73-2),1310-73-2
897,97,4,"Diisopropylethylamine: 2-Propanamine, N-ethyl-N-(1-methylethyl)-; (7087-68-5)",7087-68-5
